id,regime,step,timestamp,x_km,y_km,z_km,vx_kms,vy_kms,vz_kms
leo-6350,leo,0,2026-02-04T14:47:28.097756Z,-270.95496875,-6798.9685,766.90675,4.848391164986653,-0.8682701920507389,-5.879956305542391
leo-6350,leo,1,2026-02-04T14:49:10.1385732607421875Z,222.3429375,-6843.406,165.8488125,4.820247708994315,-0.002704799975239439,-5.900779161601754
leo-6350,leo,2,2026-02-04T14:50:52.179390521484375Z,712.7690625,-6799.5205,-437.33390625,4.761113786901547,0.8598325206798508,-5.883397000619963
leo-6350,leo,3,2026-02-04T14:52:34.2201925234375Z,1193.99875,-6667.93,-1034.844375,4.6406322613195785,1.7107760583714116,-5.790018050980569
leo-6350,leo,4,2026-02-04T14:54:16.26102504296875Z,1659.836875,-6450.3825,-1618.97025,4.460462577835333,2.539153148531976,-5.621957955382098
leo-6350,leo,5,2026-02-04T14:55:58.301827044921875Z,2104.29725,-6149.7355,-2182.18275,4.2230343553331915,3.3342887680703206,-5.38150538046035
leo-6350,leo,6,2026-02-04T14:57:40.342629046875Z,2521.6805,-5769.9155,-2717.2365,3.9315052115139952,4.08598980380311,-5.071880979900261
leo-6350,leo,7,2026-02-04T14:59:22.38346156640625Z,2906.64525,-5315.86,-3217.2605,3.5897186053425068,4.784633640719759,-4.697180904597755
leo-6350,leo,8,2026-02-04T15:01:04.4242940859375Z,3254.27625,-4793.4595,-3675.845,3.20215316684581,5.421295439687001,-4.262341498603036
leo-6350,leo,9,2026-02-04T15:02:46.46512660546875Z,3560.146,-4209.473,-4087.12625,2.773846155603822,5.987890423987963,-3.7730591756452485
leo-6350,leo,10,2026-02-04T15:04:28.50589808984375Z,3820.36725,-3571.44125,-4445.857,2.310333317783243,6.47724829997762,-3.235711946623389
leo-6350,leo,11,2026-02-04T15:06:10.546730609375Z,4031.6425,-2887.58575,-4747.4755,1.8175693538646338,6.883198899782372,-2.657282444438617
leo-6350,leo,12,2026-02-04T15:07:52.58750209375Z,4191.29975,-2166.707,-4988.1595,1.301871307753787,7.20064669458575,-2.0452527004148395
leo-6350,leo,13,2026-02-04T15:09:34.6283956484375Z,4297.3305,-1418.06575,-5164.874,0.7698495807296749,7.425621546768968,-1.4075072386921057
leo-6350,leo,14,2026-02-04T15:11:16.6691671328125Z,4348.412,-651.2738125,-5275.406,0.2283255894844915,7.555323528837723,-0.7522066266121
leo-6350,leo,15,2026-02-04T15:12:58.7100606875Z,4343.9275,123.837265625,-5318.3855,-0.31574892504555463,7.5881724738591885,-0.08768018710150499
leo-6350,leo,16,2026-02-04T15:14:40.750832171875Z,4283.9735,897.3330625,-5293.3,-0.8554154259149837,7.523830729808426,0.5776514538507362
leo-6350,leo,17,2026-02-04T15:16:22.79160365625Z,4169.353,1659.31225,-5200.4975,-1.3838207187190128,7.363228649887196,1.2354070140303046
leo-6350,leo,18,2026-02-04T15:18:04.8324972109375Z,4001.561,2400.033,-5041.176,-1.8943228484144565,7.108545066878292,1.8772929800492202
leo-6350,leo,19,2026-02-04T15:19:46.8732686953125Z,3782.7565,3110.036,-4817.3765,-2.380571721149681,6.76313854708237,2.495213396529325
leo-6350,leo,20,2026-02-04T15:21:28.9140401796875Z,3515.73025,3780.26475,-4531.949,-2.836533337071656,6.331480378487137,3.081361721063524
leo-6350,leo,21,2026-02-04T15:23:10.954933734375Z,3203.872,4402.175,-4188.527,-3.256526247855012,5.819046421787232,3.628288038552593
leo-6350,leo,22,2026-02-04T15:24:52.99570521875Z,2851.133,4967.8255,-3791.482,-3.635269947530738,5.232259049332591,4.129014989508538
leo-6350,leo,23,2026-02-04T15:26:35.036476703125Z,2461.9805,5469.9825,-3345.87125,-3.9679366062221417,4.578449312013857,4.577125086431921
leo-6350,leo,24,2026-02-04T15:28:17.0772481875Z,2041.350375,5902.2025,-2857.37525,-4.250225851909174,3.865772109465612,4.966853861220592
leo-6350,leo,25,2026-02-04T15:29:59.1182638125Z,1594.58675,6258.916,-2332.22675,-4.4784412752101135,3.103134861989882,5.293151519958503
leo-6350,leo,26,2026-02-04T15:31:41.159035296875Z,1127.382125,6535.496,-1777.1395,-4.64954099325532,2.300134510801301,5.551751439734519
leo-6350,leo,27,2026-02-04T15:33:23.19980678125Z,645.70125,6728.331,-1199.21675,-4.761192901696099,1.4669528446570148,5.739232565873686
leo-6350,leo,28,2026-02-04T15:35:05.240578265625Z,155.71053125,6834.874,-605.8680625,-4.8118253895717045,0.6142005699123547,5.853073842171122
leo-6350,leo,29,2026-02-04T15:36:47.28134975Z,-336.3035,6853.678,-4.7124091796875,-4.800662238990647,-0.24716703066486662,5.891693065081488
leo-6350,leo,30,2026-02-04T15:38:29.322365375Z,-824.0171875,6784.4315,596.5191875,-4.7277429228386545,-1.1060208355258074,5.8544739966812624
leo-6350,leo,31,2026-02-04T15:40:11.363136859375Z,-1301.14975,6627.9595,1190.079125,-4.593926887565527,-1.951227407472983,5.741788529496913
leo-6350,leo,32,2026-02-04T15:41:53.40390834375Z,-1761.552875,6386.222,1768.31225,-4.400889158984494,-2.771786668070312,5.5549970786608265
leo-6350,leo,33,2026-02-04T15:43:35.444679828125Z,-2199.29,6062.289,2323.7515,-4.151082761706293,-3.557019363143274,5.296429477532485
leo-6350,leo,34,2026-02-04T15:45:17.4854513125Z,-2608.71225,5660.3,2849.21575,-3.847705865886366,-4.29670408820004,4.969353108797752
leo-6350,leo,35,2026-02-04T15:46:59.526222796875Z,-2984.53575,5185.411,3337.90475,-3.4946471809468678,-4.981232546888652,4.577935965610522
leo-6350,leo,36,2026-02-04T15:48:41.567238421875Z,-3321.906,4643.721,3783.489,-3.0964333295728155,-5.60173158686333,4.127191578310207
leo-6350,leo,37,2026-02-04T15:50:23.60800990625Z,-3616.4615,4042.19975,4180.1895,-2.65818746814879,-6.150159302706725,3.622897442093603
leo-6350,leo,38,2026-02-04T15:52:05.648781390625Z,-3864.393,3388.587,4522.8555,-2.1855271354367285,-6.619419033924381,3.0715344997954346
leo-6350,leo,39,2026-02-04T15:53:47.689552875Z,-4062.48725,2691.2985,4807.033,-1.6845349902741655,-7.0034371026823194,2.480209589935854
leo-6350,leo,40,2026-02-04T15:55:29.730324359375Z,-4208.1755,1959.31475,5029.0205,-1.1616667854980987,-7.297240006794926,1.8565348658600487
leo-6350,leo,41,2026-02-04T15:57:11.77109584375Z,-4299.562,1202.0665,5185.9175,-0.6236574786096244,-7.496995522390323,1.2085603725511573
leo-6350,leo,42,2026-02-04T15:58:53.81211146875Z,-4335.4525,429.31446875,5275.6655,-0.07745057158723648,-7.600076654032925,0.5446703870116762
leo-6350,leo,43,2026-02-04T16:00:35.8526388125Z,-4315.3685,-348.96884375,5297.075,0.46989174981926407,-7.605092394735948,-0.12653849610610268
leo-6350,leo,44,2026-02-04T16:02:17.8936544375Z,-4239.556,-1122.7445,5249.841,1.0113028997990259,-7.511901693942004,-0.7963758445784297
leo-6350,leo,45,2026-02-04T16:03:59.9346700625Z,-4108.97975,-1882.013,5134.549,1.5397913965055086,-7.32162797217665,-1.45613520118015
leo-6350,leo,46,2026-02-04T16:05:41.97519740625Z,-3925.31325,-2616.95375,4952.671,2.048509635761249,-7.0366513356037705,-2.097221465202234
leo-6350,leo,47,2026-02-04T16:07:24.01621303125Z,-3690.9165,-3318.0635,4706.5445,2.5308693808969656,-6.6605841708040465,-2.711275523387787
leo-6350,leo,48,2026-02-04T16:09:06.056740375Z,-3408.80975,-3976.25625,4399.35,2.980617601419575,-6.198239330022754,-3.2902790572036937
leo-6350,leo,49,2026-02-04T16:10:48.097756Z,-3082.62725,-4583.0095,4035.059,3.4125469119309857,-5.694101142749758,-3.8498105973087076
leo-447,leo,0,2026-02-05T02:45:53.108055Z,2820.67,5228.687,4472.6335,-3.965489113694861,5.12705125306045,-3.5457600175375954
leo-447,leo,1,2026-02-05T02:47:35.1488722607421875Z,2403.895,5722.9675,4090.17325,-4.2033008115176305,4.560846458244203,-3.9504608138324513
leo-447,leo,2,2026-02-05T02:49:17.189689521484375Z,1962.8535,6159.472,3666.417,-4.419373391997368,3.972795265065328,-4.334379836541835
leo-447,leo,3,2026-02-05T02:50:59.2304915234375Z,1501.982125,6533.742,3205.606,-4.590925085722337,3.3442157661717866,-4.674810609689552
leo-447,leo,4,2026-02-05T02:52:41.27132404296875Z,1025.93,6841.965,2712.374,-4.716124715769834,2.6816596240855253,-4.968158994736223
leo-447,leo,5,2026-02-05T02:54:23.312126044921875Z,539.5076875,7081.0195,2191.696,-4.793660681531955,1.9920536296462015,-5.211358369074966
leo-447,leo,6,2026-02-05T02:56:05.352928046875Z,47.6320390625,7248.5065,1648.831625,-4.822756202011299,1.2826363455452738,-5.401889163574867
leo-447,leo,7,2026-02-05T02:57:47.39376056640625Z,-444.72828125,7342.782,1089.269625,-4.803175735433538,0.5608539109973062,-5.537814511821427
leo-447,leo,8,2026-02-05T02:59:29.4345930859375Z,-932.6080625,7362.9665,518.66521875,-4.7352292454348115,-0.16573512369926174,-5.617804931940135
leo-447,leo,9,2026-02-05T03:01:11.47542560546875Z,-1411.10175,7308.9585,-57.221359375,-4.619760113218452,-0.8895414403639442,-5.641140031009289
leo-447,leo,10,2026-02-05T03:02:53.51619708984375Z,-1875.416125,7181.4275,-632.5876875,-4.458127255958132,-1.6030619637400378,-5.607718294746053
leo-447,leo,11,2026-02-05T03:04:35.557029609375Z,-2320.9235,6981.803,-1201.6535,-4.252181941362325,-2.298945777667788,-5.518047233209212
leo-447,leo,12,2026-02-05T03:06:17.59780109375Z,-2743.20825,6712.255,-1758.719625,-4.004241550044529,-2.970092485665624,-5.3732388002080045
leo-447,leo,13,2026-02-05T03:07:59.6386946484375Z,-3138.11575,6375.6615,-2298.233,-3.7170473520527083,-3.609714649335623,-5.174998682014666
leo-447,leo,14,2026-02-05T03:09:41.6794661328125Z,-3501.7895,5975.5785,-2814.842,-3.3937298651418204,-4.211424034030729,-4.925608007434335
leo-447,leo,15,2026-02-05T03:11:23.7203596875Z,-3830.71375,5516.187,-3303.45925,-3.0377836958131668,-4.769331262913561,-4.627914323548283
leo-447,leo,16,2026-02-05T03:13:05.761131171875Z,-4121.7455,5002.2455,-3759.3145,-2.653009390873267,-5.278105919480138,-4.28529320818549
leo-447,leo,17,2026-02-05T03:14:47.80190265625Z,-4372.144,4439.023,-4178.0085,-2.24347959571048,-5.73304293485533,-3.901575622058248
leo-447,leo,18,2026-02-05T03:16:29.8427962109375Z,-4579.5985,3832.2365,-4555.5545,-1.8134722995362245,-6.13008054682034,-3.4809616356304685
leo-447,leo,19,2026-02-05T03:18:11.8835676953125Z,-4742.2405,3187.986,-4888.409,-1.3673946009058309,-6.465816216423142,-3.0279391806373352
leo-447,leo,20,2026-02-05T03:19:53.9243391796875Z,-4858.6585,2512.68275,-5173.501,-0.9097537321441087,-6.737491437841427,-2.5472036409043866
leo-447,leo,21,2026-02-05T03:21:35.965232734375Z,-4927.9045,1812.9875,-5408.2465,-0.44508380000401304,-6.942981726057523,-2.0435860183522854
leo-447,leo,22,2026-02-05T03:23:18.00600421875Z,-4949.492,1095.7475,-5590.5595,0.022084309705016493,-7.08080323668111,-1.5220778688818755
leo-447,leo,23,2026-02-05T03:25:00.046775703125Z,-4923.3975,367.92625,-5718.8745,0.4872880641402626,-7.150114992140377,-0.9877791840826503
leo-447,leo,24,2026-02-05T03:26:42.0875471875Z,-4850.0455,-363.459,-5792.147,0.9461519900795502,-7.150716528424624,-0.4458464138863383
leo-447,leo,25,2026-02-05T03:28:24.1285628125Z,-4730.305,-1091.40475,-5809.8635,1.3944341233522646,-7.083032717711554,0.09854692659925422
leo-447,leo,26,2026-02-05T03:30:06.169334296875Z,-4565.467,-1808.977,-5772.0355,1.828046253340639,-6.948094028361632,0.6402612313647987
leo-447,leo,27,2026-02-05T03:31:48.21010578125Z,-4357.2345,-2509.3825,-5679.198,2.243067860723182,-6.747514890216506,1.1742487660272891
leo-447,leo,28,2026-02-05T03:33:30.250877265625Z,-4107.69825,-3186.02025,-5532.393,2.6358116083156493,-6.483457449175638,1.695623695147129
leo-447,leo,29,2026-02-05T03:35:12.29164875Z,-3819.314,-3832.5365,-5333.1525,3.002782229819997,-6.158601188060223,2.199678793946947
leo-447,leo,30,2026-02-05T03:36:54.332664375Z,-3494.885,-4442.8785,-5083.4785,3.340730882615899,-5.776144537460845,2.68191553276054
leo-447,leo,31,2026-02-05T03:38:36.373435859375Z,-3137.53175,-5011.3425,-4785.8225,3.6466881775485183,-5.339752846571074,3.1380495790256937
leo-447,leo,32,2026-02-05T03:40:18.41420734375Z,-2750.66325,-5532.6235,-4443.0605,3.9179486217547654,-4.853550132907774,3.564064341239213
leo-447,leo,33,2026-02-05T03:42:00.454978828125Z,-2337.95075,-6001.8625,-4058.46275,4.152111762158489,-4.322093449357471,3.95618333855713
leo-447,leo,34,2026-02-05T03:43:42.4957503125Z,-1903.293875,-6414.683,-3635.6765,4.347107960350177,-3.7503170980885696,4.310904294440364
leo-447,leo,35,2026-02-05T03:45:24.536521796875Z,-1450.78625,-6767.233,-3178.68675,4.501198296433739,-3.1434880161926557,4.62504857397133
leo-447,leo,36,2026-02-05T03:47:06.577537421875Z,-984.68125,-7056.2115,-2691.78825,4.612995807430325,-2.507163175331094,4.8957593167835345
leo-447,leo,37,2026-02-05T03:48:48.61830890625Z,-509.35784375,-7278.8995,-2179.5515,4.681481322330659,-1.8471611617407397,5.120543287738749
leo-447,leo,38,2026-02-05T03:50:30.659080390625Z,-29.277318359375,-7433.183,-1646.779875,4.706006780569386,-1.1694663639256468,5.297283915407972
leo-447,leo,39,2026-02-05T03:52:12.699851875Z,451.05128125,-7517.566,-1098.473625,4.686303594371696,-0.48024186104378896,5.4242662462107525
leo-447,leo,40,2026-02-05T03:53:54.740623359375Z,927.11075,-7531.1915,-539.78725,4.622481190738805,0.21425994415720198,5.500191128794929
leo-447,leo,41,2026-02-05T03:55:36.78139484375Z,1394.414375,-7473.8395,24.0138671875,4.515028237303799,0.9077259359423552,5.5241957966204405
leo-447,leo,42,2026-02-05T03:57:18.82241046875Z,1848.54575,-7345.941,587.6005,4.364804520663239,1.5937934792159576,5.495868660469145
leo-447,leo,43,2026-02-05T03:59:00.8629378125Z,2285.1905,-7148.576,1145.61925,4.1730383415243155,2.2661465073616127,5.415261522483508
leo-447,leo,44,2026-02-05T04:00:42.9039534375Z,2700.18575,-6883.462,1692.755375,3.9413146521198215,2.9185469997128894,5.282898956837976
leo-447,leo,45,2026-02-05T04:02:24.9449690625Z,3089.542,-6552.953,2223.764,3.6715770489143504,3.5448418713762146,5.099772905470601
leo-447,leo,46,2026-02-05T04:04:06.98549640625Z,3449.487,-6160.0255,2733.525,3.3661197263446865,4.1390720890212975,4.867352828001916
leo-447,leo,47,2026-02-05T04:05:49.02651203125Z,3776.50475,-5708.2445,3217.10075,3.0275757325884407,4.695504296155854,4.5875674912360305
leo-447,leo,48,2026-02-05T04:07:31.067039375Z,4067.3595,-5201.76,3669.763,2.6589123596942335,5.208644766193836,4.262798127590984
leo-447,leo,49,2026-02-05T04:09:13.108055Z,4319.1395,-4645.256,4087.059,2.275966001871464,5.698812330179033,3.9161874978277194
leo-5554,leo,0,2026-01-17T09:26:36.542761Z,3011.88225,5056.2035,-5323.881,-4.522177496098233,-2.416172827879287,-4.902060405120297
leo-5554,leo,1,2026-01-17T09:28:18.5835782607421875Z,2539.9095,4789.811,-5800.0645,-4.728488319209396,-2.805120124318357,-4.431136109431736
leo-5554,leo,2,2026-01-17T09:30:00.624395521484375Z,2046.884625,4483.73,-6228.1945,-4.914688084884542,-3.181368110920281,-3.943199270970228
leo-5554,leo,3,2026-01-17T09:31:42.6651975234375Z,1536.912,4140.55225,-6604.799,-5.060033322541537,-3.530775767540286,-3.423350748622408
leo-5554,leo,4,2026-01-17T09:33:24.70603004296875Z,1014.22475,3763.1635,-6926.8375,-5.163430702518192,-3.850549860248222,-2.875900539907314
leo-5554,leo,5,2026-01-17T09:35:06.746832044921875Z,483.150625,3354.72575,-7191.7175,-5.224124172429541,-4.138135105914962,-2.3053523236273397
leo-5554,leo,6,2026-01-17T09:36:48.787634046875Z,-51.922890625,2918.64625,-7397.3175,-5.241697165116158,-4.391250074604952,-1.7163916735556413
leo-5554,leo,7,2026-01-17T09:38:30.82846656640625Z,-586.5835,2458.55225,-7542.0015,-5.216077270690863,-4.607885768768129,-1.113816373246911
leo-5554,leo,8,2026-01-17T09:40:12.8692990859375Z,-1116.428625,1978.26125,-7624.627,-5.147539220629762,-4.786336390449548,-0.5025022702572096
leo-5554,leo,9,2026-01-17T09:41:54.91013160546875Z,-1637.101875,1481.74875,-7644.553,-5.036696580137805,-4.925200201920737,0.11261444997111539
leo-5554,leo,10,2026-01-17T09:43:36.95090308984375Z,-2144.32575,973.1185,-7601.6445,-4.884491624811734,-5.023401363217794,0.7265939689134829
leo-5554,leo,11,2026-01-17T09:45:18.991735609375Z,-2633.93675,456.5649375,-7496.2685,-4.692190370292407,-5.080204980559324,1.3345374178950442
leo-5554,leo,12,2026-01-17T09:47:01.03250709375Z,-3101.9155,-63.65787890625,-7329.29,-4.461358791359504,-5.0952271387207055,1.931606290306474
leo-5554,leo,13,2026-01-17T09:48:43.0734006484375Z,-3544.41825,-583.2775,-7102.063,-4.193838113780867,-5.068453185549509,2.5130702936317464
leo-5554,leo,14,2026-01-17T09:50:25.1141721328125Z,-3957.801,-1098.03625,-6816.4185,-3.8917400481180593,-5.000220797143736,3.0743277831384077
leo-5554,leo,15,2026-01-17T09:52:07.1550656875Z,-4338.651,-1603.730875,-6474.649,-3.5574506762604288,-4.891191396515165,3.6108832398667037
leo-5554,leo,16,2026-01-17T09:53:49.195837171875Z,-4683.8115,-2096.23875,-6079.5035,-3.193610703442206,-4.742269246505041,4.118336659815916
leo-5554,leo,17,2026-01-17T09:55:31.23660865625Z,-4990.408,-2571.5405,-5634.1725,-2.803120746252647,-4.554523675975088,4.592421098258368
leo-5554,leo,18,2026-01-17T09:57:13.2775022109375Z,-5255.877,-3025.7335,-5142.2745,-2.389094816660614,-4.329206742186929,5.029048301301413
leo-5554,leo,19,2026-01-17T09:58:55.3182736953125Z,-5477.9785,-3455.05225,-4607.836,-1.954838709059979,-4.067839687624865,5.4244236587799275
leo-5554,leo,20,2026-01-17T10:00:37.3590451796875Z,-5654.8235,-3855.9045,-4035.24975,-1.503836985597176,-3.772317263030556,5.775138887593385
leo-5554,leo,21,2026-01-17T10:02:19.399938734375Z,-5784.884,-4224.913,-3429.236,-1.0397256540366797,-3.444929548334065,6.078214002063194
leo-5554,leo,22,2026-01-17T10:04:01.44071021875Z,-5867.0125,-4558.9515,-2794.79775,-0.5663030488636432,-3.088317007170561,6.331098007220804
leo-5554,leo,23,2026-01-17T10:05:43.481481703125Z,-5900.456,-4855.1815,-2137.17575,-0.08744543842817075,-2.705391638892808,6.531631207845746
leo-5554,leo,24,2026-01-17T10:07:25.5222531875Z,-5884.8585,-5111.072,-1461.812375,0.3928909283419889,-2.299277208559779,6.678059028458221
leo-5554,leo,25,2026-01-17T10:09:07.5632688125Z,-5820.274,-5324.422,-774.3055,0.8707054099219167,-1.8732705117238801,6.76903985071663
leo-5554,leo,26,2026-01-17T10:10:49.604040296875Z,-5707.1635,-5493.3725,-80.374640625,1.3420027897473192,-1.4308643287978011,6.8036591148892605
leo-5554,leo,27,2026-01-17T10:12:31.64481178125Z,-5546.396,-5616.435,614.19575,1.802811242251035,-0.9757300787876302,6.781458506695634
leo-5554,leo,28,2026-01-17T10:14:13.685583265625Z,-5339.243,-5692.501,1303.595875,2.249223488428292,-0.5116484248454981,6.70244099540864
leo-5554,leo,29,2026-01-17T10:15:55.72635475Z,-5087.371,-5720.853,1982.04025,2.6774358733574917,-0.04252518084843905,6.567081187714853
leo-5554,leo,30,2026-01-17T10:17:37.767370375Z,-4792.827,-5701.1795,2643.8175,3.0837886380446906,0.42765263823990973,6.37633061319664
leo-5554,leo,31,2026-01-17T10:19:19.808141859375Z,-4458.026,-5633.577,3283.33325,3.46476457260162,0.8948604432492175,6.131623819561249
leo-5554,leo,32,2026-01-17T10:21:01.84891334375Z,-4085.7325,-5518.555,3895.16875,3.817052677415726,1.3550931454999153,5.8348600891475
leo-5554,leo,33,2026-01-17T10:22:43.889684828125Z,-3679.036,-5357.0275,4474.1205,4.1375850932747,1.804386592943327,5.488410336899073
leo-5554,leo,34,2026-01-17T10:24:25.9304563125Z,-3241.32775,-5150.313,5015.252,4.423545543940914,2.238867333877246,5.095100639057899
leo-5554,leo,35,2026-01-17T10:26:07.971227796875Z,-2776.272,-4900.116,5513.9365,4.672413238926205,2.654807705348798,4.658186922234327
leo-5554,leo,36,2026-01-17T10:27:50.012243421875Z,-2287.77325,-4608.515,5965.903,4.881995156747587,3.0486360495493026,4.181332842225362
leo-5554,leo,37,2026-01-17T10:29:32.05301490625Z,-1779.94575,-4277.945,6367.2705,5.050446306934413,3.416999351611041,3.668565462162558
leo-5554,leo,38,2026-01-17T10:31:14.093786390625Z,-1257.070375,-3911.1685,6714.5895,5.176289387236547,3.756767950923415,3.124241372957633
leo-5554,leo,39,2026-01-17T10:32:56.134557875Z,-723.560625,-3511.258,7004.8705,5.258417863953164,4.065046686397471,2.5529868719180593
leo-5554,leo,40,2026-01-17T10:34:38.175329359375Z,-183.92434375,-3081.5675,7235.607,5.296101943013549,4.339201806875796,1.959635811168082
leo-5554,leo,41,2026-01-17T10:36:20.21610084375Z,357.27603125,-2625.707,7404.796,5.288983604350228,4.576859649260474,1.3492294177399453
leo-5554,leo,42,2026-01-17T10:38:02.25711646875Z,895.460875,-2147.51375,7510.96,5.2370674581304835,4.7759186027035705,0.7269481195222688
leo-5554,leo,43,2026-01-17T10:39:44.2976438125Z,1426.064875,-1651.03025,7553.153,5.140728517417021,4.934578688212128,0.09808485238251888
leo-5554,leo,44,2026-01-17T10:41:26.3386594375Z,1944.588625,-1140.45725,7530.977,5.000706670494785,5.051377471528376,-0.5319846109675563
leo-5554,leo,45,2026-01-17T10:43:08.3796750625Z,2446.61925,-620.134875,7444.5845,4.818120792855379,5.125201783200769,-1.157837697918243
leo-5554,leo,46,2026-01-17T10:44:50.42020240625Z,2927.87825,-94.4981875,7294.684,4.594470452275922,5.155323942923461,-1.7740565700069129
leo-5554,leo,47,2026-01-17T10:46:32.46121803125Z,3384.26575,431.97159375,7082.532,4.331615928966725,5.141421192162178,-2.375287261195539
leo-5554,leo,48,2026-01-17T10:48:14.501745375Z,3811.88125,954.771,6809.932,4.031797256893096,5.083582915385819,-2.9562777363767707
leo-5554,leo,49,2026-01-17T10:49:56.542761Z,4207.081,1469.437,6479.21,3.7141027143960166,5.003850982594846,-3.5258608031964105
geo-1317,geo,0,2026-01-18T13:29:44.528710Z,-18442.298,-37910.212,126.8454140625,2.745185774867081,-1.3372687877569407,-0.3719227873176014
geo-1317,geo,1,2026-01-18T13:33:08.610344521484375Z,-17880.076,-38178.896,50.9371171875,2.764589774689419,-1.2958343881362817,-0.3719785152467788
geo-1317,geo,2,2026-01-18T13:36:32.69197904296875Z,-17313.894,-38439.124,-24.982552734375,2.783692634051622,-1.2542432791729952,-0.3719932478430523
geo-1317,geo,3,2026-01-18T13:39:56.773583046875Z,-16743.875,-38690.832,-100.8968515625,2.8021850216262028,-1.212377595178419,-0.3719259455368986
geo-1317,geo,4,2026-01-18T13:43:20.8552480859375Z,-16170.145,-38933.972,-176.7890625,2.820052876806403,-1.1702473829641384,-0.3717766438334571
geo-1317,geo,5,2026-01-18T13:46:44.93685208984375Z,-15592.833,-39168.484,-252.642421875,2.8372914983014197,-1.1278331583261751,-0.3715453084078496
geo-1317,geo,6,2026-01-18T13:50:09.01845609375Z,-15012.067,-39394.312,-328.4401875,2.8539045214340657,-1.085202996451175,-0.37123184431053446
geo-1317,geo,7,2026-01-18T13:53:33.1001211328125Z,-14427.974,-39611.424,-404.165625,2.8698878945734543,-1.0423278345915314,-0.3708366114639166
geo-1317,geo,8,2026-01-18T13:56:57.181786171875Z,-13840.684,-39819.752,-479.80209375,2.885237142137659,-0.999198041435855,-0.3703595506021222
geo-1317,geo,9,2026-01-18T14:00:21.2634512109375Z,-13250.326,-40019.26,-555.3328125,2.8999478114002595,-0.9558725211965793,-0.3698005251710094
geo-1317,geo,10,2026-01-18T14:03:45.3449941796875Z,-12657.032,-40209.904,-630.7410625,2.9140059049649683,-0.9123115411372419,-0.3691597739018221
geo-1317,geo,11,2026-01-18T14:07:09.42665921875Z,-12060.936,-40391.632,-706.01025,2.9274270148768045,-0.8685545088215441,-0.3684373296182787
geo-1317,geo,12,2026-01-18T14:10:33.5082021875Z,-11462.164,-40564.416,-781.123625,2.9402028759755994,-0.8246306954700559,-0.36763377341442516
geo-1317,geo,13,2026-01-18T14:13:57.589989296875Z,-10860.853,-40728.216,-856.064875,2.9523205885489006,-0.7805110496916604,-0.36674870999608605
geo-1317,geo,14,2026-01-18T14:17:21.671532265625Z,-10257.135,-40882.992,-930.817,2.963786573012712,-0.73620530972509,-0.36578233943049965
geo-1317,geo,15,2026-01-18T14:20:45.753319375Z,-9651.144,-41028.708,-1005.3638125,2.974595984228519,-0.6917524636009621,-0.36473572896953965
geo-1317,geo,16,2026-01-18T14:24:09.83486234375Z,-9043.014,-41165.34,-1079.68875,2.984750561657962,-0.6471334843848308,-0.3636081816637516
geo-1317,geo,17,2026-01-18T14:27:33.9164053125Z,-8432.879,-41292.844,-1153.77525,2.9942363943690906,-0.6023765311969473,-0.362399655737197
geo-1317,geo,18,2026-01-18T14:30:57.998192421875Z,-7820.8765,-41411.208,-1227.607,3.0030613035257847,-0.5574826846152428,-0.36111095440004465
geo-1317,geo,19,2026-01-18T14:34:22.079735390625Z,-7207.1395,-41520.388,-1301.1675,3.0112240482918207,-0.512471625207254,-0.35974315184025224
geo-1317,geo,20,2026-01-18T14:37:46.161278359375Z,-6591.806,-41620.38,-1374.440875,3.018718016669636,-0.4673717528554116,-0.35829560028172
geo-1317,geo,21,2026-01-18T14:41:10.24306546875Z,-5975.0095,-41711.152,-1447.410625,3.025542498750696,-0.4221251059076458,-0.3567680236967121
geo-1317,geo,22,2026-01-18T14:44:34.3246084375Z,-5356.8905,-41792.676,-1520.0605,3.0316950322878564,-0.3768003655860957,-0.35516226232716597
geo-1317,geo,23,2026-01-18T14:47:58.40615140625Z,-4737.5835,-41864.948,-1592.37475,3.0371799721982295,-0.3314067456377379,-0.35347758033682747
geo-1317,geo,24,2026-01-18T14:51:22.487694375Z,-4117.22575,-41927.944,-1664.337,3.041991192359823,-0.2859344380164257,-0.35171469221417057
geo-1317,geo,25,2026-01-18T14:54:46.569725625Z,-3495.9535,-41981.656,-1735.931875,3.046126799124597,-0.2404035635397886,-0.3498741267034861
geo-1317,geo,26,2026-01-18T14:58:10.65126859375Z,-2873.90775,-42026.068,-1807.142875,3.0495886151512477,-0.19479468560313398,-0.34795527791003406
geo-1317,geo,27,2026-01-18T15:01:34.7328115625Z,-2251.224,-42061.164,-1877.954375,3.0523745726255442,-0.14915606554711122,-0.34596036453336276
geo-1317,geo,28,2026-01-18T15:04:58.81435453125Z,-1628.041125,-42086.948,-1948.351125,3.054483564177348,-0.10350764548675215,-0.343888888623047
geo-1317,geo,29,2026-01-18T15:08:22.8958975Z,-1004.4965625,-42103.412,-2018.317125,3.0559171389872932,-0.05781021094974131,-0.34174075022293166
geo-1317,geo,30,2026-01-18T15:11:46.97792875Z,-380.7270625,-42110.544,-2087.83725,3.056673309755441,-0.012102936184586724,-0.33951737158606554
geo-1317,geo,31,2026-01-18T15:15:11.05947171875Z,243.126140625,-42108.352,-2156.89575,3.0567521120492684,0.03359441476316715,-0.3372187606918378
geo-1317,geo,32,2026-01-18T15:18:35.1410146875Z,866.9263125,-42096.832,-2225.4775,3.056153967255162,0.07929183484504757,-0.33484532214882345
geo-1317,geo,33,2026-01-18T15:21:59.22255765625Z,1490.535375,-42075.988,-2293.56725,3.0548792393512283,0.12495985491399188,-0.3323983835735089
geo-1317,geo,34,2026-01-18T15:25:23.304100625Z,2113.81525,-42045.828,-2361.15025,3.052927660368601,0.1706082749743364,-0.329877332465624
geo-1317,geo,35,2026-01-18T15:28:47.38564359375Z,2736.62775,-42006.352,-2428.211,3.0502985324751806,0.2162171818448405,-0.3272836179443293
geo-1317,geo,36,2026-01-18T15:32:11.46767484375Z,3358.836,-41957.576,-2494.7355,3.046995314571978,0.26177745636957117,-0.32461862608509817
geo-1317,geo,37,2026-01-18T15:35:35.5492178125Z,3980.30025,-41899.504,-2560.7085,3.0430164872631047,0.30728893503909055,-0.3218811414516731
geo-1317,geo,38,2026-01-18T15:38:59.63076078125Z,4600.883,-41832.152,-2626.1155,3.038364547718795,0.3527315550089843,-0.31907160271701285
geo-1317,geo,39,2026-01-18T15:42:23.71230375Z,5220.4485,-41755.532,-2690.94175,3.033038857878404,0.39807617493582076,-0.3161922389516676
geo-1317,geo,40,2026-01-18T15:45:47.79384671875Z,5838.8575,-41669.672,-2755.1735,3.0270412552427386,0.4433325948238926,-0.3132442751561757
geo-1317,geo,41,2026-01-18T15:49:11.8753896875Z,6455.975,-41574.58,-2818.7965,3.0203748724510624,0.48850997630394705,-0.3102261188625207
geo-1317,geo,42,2026-01-18T15:52:35.9574209375Z,7071.6645,-41470.28,-2881.7965,3.0130370307345093,0.533561342104309,-0.30713886500576243
geo-1317,geo,43,2026-01-18T15:56:00.038475625Z,7685.7855,-41356.8,-2944.15925,3.0050329155181097,0.5785039467965835,-0.3039845037137147
geo-1317,geo,44,2026-01-18T15:59:24.120506875Z,8298.208,-41234.156,-3005.87175,2.996364972724663,0.6233179825820698,-0.3007638625705813
geo-1317,geo,45,2026-01-18T16:02:48.202538125Z,8908.794,-41102.384,-3066.92025,2.9870290395158117,0.6679880002890568,-0.29747606027863366
geo-1317,geo,46,2026-01-18T16:06:12.2835928125Z,9517.403,-40961.508,-3127.2905,2.9770355329447376,0.7125092068126105,-0.2941226373516502
geo-1317,geo,47,2026-01-18T16:09:36.3656240625Z,10123.91,-40811.564,-3186.97025,2.9663877773144995,0.7568740386010031,-0.2907054819983896
geo-1317,geo,48,2026-01-18T16:13:00.44667875Z,10728.173,-40652.58,-3245.94575,2.955073726482129,0.8010718465299579,-0.28722465962504884
geo-1317,geo,49,2026-01-18T16:16:24.528710Z,11330.062,-40484.596,-3304.20475,2.9434269530087187,0.8451681381575763,-0.2837124252634567
geo-2608,geo,0,2026-01-23T18:29:42.712479Z,-40561.004,10894.563,3495.6515,-0.7967203927057853,-2.9706151728032126,-0.01490886236350525
geo-2608,geo,1,2026-01-23T18:33:06.794113521484375Z,-40719.084,10287.174,3492.22125,-0.7524635931109951,-2.981796972700835,-0.01870758732872673
geo-2608,geo,2,2026-01-23T18:36:30.87574804296875Z,-40868.132,9677.503,3488.01575,-0.7081284431415698,-2.992648247142628,-0.022501414259671948
geo-2608,geo,3,2026-01-23T18:39:54.957352046875Z,-41008.116,9065.685,3483.037,-0.6636364005891664,-3.002832671035594,-0.02629033669272394
geo-2608,geo,4,2026-01-23T18:43:19.0390170859375Z,-41139.004,8451.857,3477.285,-0.618987587644675,-3.0123496987947473,-0.030076200290312046
geo-2608,geo,5,2026-01-23T18:46:43.12062108984375Z,-41260.764,7836.1545,3470.761,-0.574201680606915,-3.021200774118759,-0.03385471725255411
geo-2608,geo,6,2026-01-23T18:50:07.20222509375Z,-41373.372,7218.714,3463.46675,-0.5292882018806995,-3.0293833210914762,-0.03762526159224581
geo-2608,geo,7,2026-01-23T18:53:31.2838901328125Z,-41476.8,6599.6715,3455.40375,-0.4842669231509935,-3.036893343071124,-0.04138968093181211
geo-2608,geo,8,2026-01-23T18:56:55.365555171875Z,-41571.032,5979.1655,3446.573,-0.4391183303157013,-3.0437288419863906,-0.04514491783588892
geo-2608,geo,9,2026-01-23T19:00:19.4472202109375Z,-41656.032,5357.333,3436.97725,-0.3938718417571945,-3.04989150488863,-0.04888975798206775
geo-2608,geo,10,2026-01-23T19:03:43.5287631796875Z,-41731.796,4734.312,3426.618,-0.3485468625053472,-3.055375827378102,-0.05262539377203029
geo-2608,geo,11,2026-01-23T19:07:07.61042821875Z,-41798.296,4110.241,3415.4975,-0.3031238289592729,-3.0601808934267685,-0.056350009022753514
geo-2608,geo,12,2026-01-23T19:10:31.6919711875Z,-41855.52,3485.25875,3403.618,-0.2576419863368792,-3.064308223955022,-0.060061738252996294
geo-2608,geo,13,2026-01-23T19:13:55.773758296875Z,-41903.456,2859.50275,3390.9825,-0.2121209391043958,-3.067756602533049,-0.06376124209158843
geo-2608,geo,14,2026-01-23T19:17:19.855301265625Z,-41942.1,2233.113,3377.593,-0.16654120086407057,-3.070523567533863,-0.0674454245995912
geo-2608,geo,15,2026-01-23T19:20:43.937088375Z,-41971.432,1606.227625,3363.45375,-0.12090255350955703,-3.0726086728223616,-0.07111369090577319
geo-2608,geo,16,2026-01-23T19:24:08.01863134375Z,-41991.448,978.9868125,3348.567,-0.07525423307070742,-3.074012905572078,-0.07476974535779754
geo-2608,geo,17,2026-01-23T19:27:32.1001743125Z,-42002.148,351.52903125,3332.9355,-0.02957642264600145,-3.0747344290263348,-0.07840856038695437
geo-2608,geo,18,2026-01-23T19:30:56.181961421875Z,-42003.52,-276.00703125,3316.5635,0.016101424749183933,-3.0747736290670087,-0.08202843914292862
geo-2608,geo,19,2026-01-23T19:34:20.263504390625Z,-41995.576,-903.4808125,3299.4545,0.06177922714907618,-3.074130811873892,-0.08563060013063478
geo-2608,geo,20,2026-01-23T19:37:44.345047359375Z,-41978.304,-1530.75375,3281.61225,0.10745695564325433,-3.072804672745097,-0.08921489620359625
geo-2608,geo,21,2026-01-23T19:41:08.42683446875Z,-41951.716,-2157.687,3263.04025,0.15309560299776787,-3.070797048786993,-0.09278026240300914
geo-2608,geo,22,2026-01-23T19:44:32.5083774375Z,-41915.816,-2784.1405,3243.74275,0.19870488732148078,-3.0681087857899927,-0.09632362982971972
geo-2608,geo,23,2026-01-23T19:47:56.58992040625Z,-41870.612,-3409.97575,3223.7245,0.24426510734307522,-3.0647388093090466,-0.09984489387715076
geo-2608,geo,24,2026-01-23T19:51:20.671463375Z,-41816.116,-4035.05375,3202.98975,0.28978572623609217,-3.0606889763112757,-0.10334581760792662
geo-2608,geo,25,2026-01-23T19:54:44.753494625Z,-41752.332,-4659.2375,3181.5425,0.33525780061652766,-3.0559592435746654,-0.10682359829666803
geo-2608,geo,26,2026-01-23T19:58:08.83503759375Z,-41679.276,-5282.385,3159.38825,0.3806321672699996,-3.050549015573297,-0.11027699846157156
geo-2608,geo,27,2026-01-23T20:01:32.9165805625Z,-41596.972,-5904.359,3136.5315,0.42591798717097845,-3.0444619878983357,-0.11370577496835813
geo-2608,geo,28,2026-01-23T20:04:56.99812353125Z,-41505.432,-6525.022,3112.97775,0.4711254070375289,-3.0377012099272886,-0.11711066396464685
geo-2608,geo,29,2026-01-23T20:08:21.0796665Z,-41404.676,-7144.2365,3088.73125,0.5162243554225715,-3.0302667408819453,-0.12049029228336348
geo-2608,geo,30,2026-01-23T20:11:45.16169775Z,-41294.728,-7761.8665,3063.798,0.5612260290335543,-3.0221584526189034,-0.1238400602627089
geo-2608,geo,31,2026-01-23T20:15:09.24324071875Z,-41175.604,-8377.7715,3038.18425,0.6060910663486139,-3.0133775992382033,-0.12716363088245544
geo-2608,geo,32,2026-01-23T20:18:33.3247836875Z,-41047.344,-8991.816,3011.8945,0.6507986859955126,-3.003927945085521,-0.13046010733110233
geo-2608,geo,33,2026-01-23T20:21:57.40632665625Z,-40909.972,-9603.864,2984.93525,0.6954083055993542,-2.993813115640529,-0.133725346266021
geo-2608,geo,34,2026-01-23T20:25:21.487869625Z,-40763.504,-10213.78,2957.31275,0.7398513251299883,-2.9830331109032233,-0.13696302268882846
geo-2608,geo,35,2026-01-23T20:28:45.56941259375Z,-40607.992,-10821.428,2929.032,0.7841071536882374,-2.971590515076223,-0.14017112759634984
geo-2608,geo,36,2026-01-23T20:32:09.65144384375Z,-40443.46,-11426.675,2900.1,0.8282072258244443,-2.9594874952788377,-0.1433457202891541
geo-2608,geo,37,2026-01-23T20:35:33.7329868125Z,-40269.948,-12029.383,2870.5235,0.8721219832567294,-2.946726544948189,-0.1464898518754235
geo-2608,geo,38,2026-01-23T20:38:57.81452978125Z,-40087.492,-12629.42,2840.30825,0.9158398024686758,-2.933315239054551,-0.14960074074251314
geo-2608,geo,39,2026-01-23T20:42:21.89607275Z,-39896.136,-13226.654,2809.462,0.9593714215987565,-2.9192497828734414,-0.1526791670953371
geo-2608,geo,40,2026-01-23T20:45:45.97761571875Z,-39695.912,-13820.95,2777.99025,1.002687440634123,-2.9045326264059366,-0.15572574343416454
geo-2608,geo,41,2026-01-23T20:49:10.0591586875Z,-39486.876,-14412.177,2745.9005,1.045757157140033,-2.8891774821151266,-0.15873598878325265
geo-2608,geo,42,2026-01-23T20:52:34.1411899375Z,-39269.072,-15000.207,2713.2,1.0886139806842985,-2.873177473561387,-0.1617104906383156
geo-2608,geo,43,2026-01-23T20:55:58.222244625Z,-39042.544,-15584.902,2679.89625,1.13124379542729,-2.8565346958861335,-0.1646498653646331
geo-2608,geo,44,2026-01-23T20:59:22.304275875Z,-38807.34,-16166.139,2645.996,1.173606507799792,-2.8392676045554546,-0.16755272274858907
geo-2608,geo,45,2026-01-23T21:02:46.386307125Z,-38563.52,-16743.789,2611.50725,1.2157200347609178,-2.8213697462683993,-0.1704190192074857
geo-2608,geo,46,2026-01-23T21:06:10.4673618125Z,-38311.128,-17317.718,2576.43725,1.2575560529535288,-2.8028331268232507,-0.1732481444129162
geo-2608,geo,47,2026-01-23T21:09:34.5493930625Z,-38050.232,-17887.802,2540.79375,1.2990886699447437,-2.783681376763059,-0.1760387089924934
geo-2608,geo,48,2026-01-23T21:12:58.63044775Z,-37780.888,-18453.914,2504.58475,1.3403660905648576,-2.7639148626626846,-0.17879065953330156
geo-2608,geo,49,2026-01-23T21:16:22.712479Z,-37503.144,-19015.93,2467.818,1.3815197932518204,-2.7438311800208175,-0.18152278672949979
